<?xml version="1.0" encoding="UTF-8"?><?xml-stylesheet type='text/xsl' href='_UpgradeReport_Files/UpgradeReport.xslt'?><UpgradeLog>
<Properties><Property Name="Solution" Value="Instalador_Creacion">
</Property><Property Name="Archivo de la solución" Value="D:\Programacio\Projectes C++\Instalador\Instalador_Creacion\Instalador_Creacion.sln">
</Property><Property Name="Archivo de opciones de usuario" Value="D:\Programacio\Projectes C++\Instalador\Instalador_Creacion\Instalador_Creacion.suo">
</Property><Property Name="Date" Value="sábado, 30 de octubre de 2010">
</Property><Property Name="Time" Value="20:50">
</Property></Properties><Event ErrorLevel="0" Project="" Source="Instalador_Creacion.sln" Description="La copia D:\Programacio\Projectes C++\Instalador\Instalador_Creacion\Instalador_Creacion.sln.old del archivo se ha realizado correctamente">
</Event><Event ErrorLevel="0" Project="" Source="Instalador_Creacion.suo" Description="La copia D:\Programacio\Projectes C++\Instalador\Instalador_Creacion\Instalador_Creacion.suo.old del archivo se ha realizado correctamente">
</Event><Event ErrorLevel="0" Project="Instalador_Creacion" Source="Instalador_Creacion.vcproj" Description="Converting project file 'D:\Programacio\Projectes C++\Instalador\Instalador_Creacion\Instalador_Creacion.vcproj'.">
</Event><Event ErrorLevel="1" Project="Instalador_Creacion" Source="Instalador_Creacion.vcproj" Description="VCWebServiceProxyGeneratorTool is no longer supported. The tool has been removed from your project settings.">
</Event><Event ErrorLevel="0" Project="Instalador_Creacion" Source="Instalador_Creacion.vcproj" Description="Done converting to new project file 'D:\Programacio\Projectes C++\Instalador\Instalador_Creacion\Instalador_Creacion.vcxproj'.">
</Event><Event ErrorLevel="3" Project="Instalador_Creacion" Source="Instalador_Creacion.vcproj" Description="Converted">
</Event><Event ErrorLevel="0" Project="zlib" Source="..\zlib\zlib.vcproj" Description="Converting project file 'D:\Programacio\Projectes C++\Instalador\zlib\zlib.vcproj'.">
</Event><Event ErrorLevel="1" Project="zlib" Source="..\zlib\zlib.vcproj" Description="VCWebServiceProxyGeneratorTool is no longer supported. The tool has been removed from your project settings.">
</Event><Event ErrorLevel="0" Project="zlib" Source="..\zlib\zlib.vcproj" Description="Done converting to new project file 'D:\Programacio\Projectes C++\Instalador\zlib\zlib.vcxproj'.">
</Event><Event ErrorLevel="3" Project="zlib" Source="..\zlib\zlib.vcproj" Description="Converted">
</Event><Event ErrorLevel="0" Project="DWL" Source="..\..\DWL\Visual Studio 2008\DWL.vcproj" Description="Converting project file 'D:\Programacio\Projectes C++\DWL\Visual Studio 2008\DWL.vcproj'.">
</Event><Event ErrorLevel="1" Project="DWL" Source="..\..\DWL\Visual Studio 2008\DWL.vcproj" Description="VCWebServiceProxyGeneratorTool is no longer supported. The tool has been removed from your project settings.">
</Event><Event ErrorLevel="1" Project="DWL" Source="..\..\DWL\Visual Studio 2008\DWL.vcproj" Description="MSB8012: $(TargetPath) ('D:\Programacio\Projectes C++\DWL\Visual Studio 2008\..\Debug\DWL.lib') does not match the Librarian's OutputFile property value '..\Debug\DWL.lib' ('D:\Programacio\Projectes C++\Instalador\Debug\DWL.lib') in project configuration 'Debug|Win32'. This may cause your project to build incorrectly. To correct this, please make sure that $(TargetPath) property value matches the value specified in %(Lib.OutputFile).">
</Event><Event ErrorLevel="1" Project="DWL" Source="..\..\DWL\Visual Studio 2008\DWL.vcproj" Description="MSB8012: $(TargetPath) ('D:\Programacio\Projectes C++\DWL\Visual Studio 2008\..\Release\DWL.lib') does not match the Librarian's OutputFile property value '..\Release\DWL.lib' ('D:\Programacio\Projectes C++\Instalador\Release\DWL.lib') in project configuration 'Release|Win32'. This may cause your project to build incorrectly. To correct this, please make sure that $(TargetPath) property value matches the value specified in %(Lib.OutputFile).">
</Event><Event ErrorLevel="0" Project="DWL" Source="..\..\DWL\Visual Studio 2008\DWL.vcproj" Description="Done converting to new project file 'D:\Programacio\Projectes C++\DWL\Visual Studio 2008\DWL.vcxproj'.">
</Event><Event ErrorLevel="3" Project="DWL" Source="..\..\DWL\Visual Studio 2008\DWL.vcproj" Description="Converted">
</Event><Event ErrorLevel="0" Project="" Source="Instalador_Creacion.sln" Description="La solución se convirtió correctamente">
</Event><Event ErrorLevel="3" Project="" Source="Instalador_Creacion.sln" Description="Converted">
</Event></UpgradeLog>