<?xml version="1.0" encoding="UTF-8"?><?xml-stylesheet type='text/xsl' href='_UpgradeReport_Files/UpgradeReport.xslt'?><UpgradeLog>
<Properties><Property Name="Solution" Value="DWL">
</Property><Property Name="Archivo de la solución" Value="D:\Programacio\Projectes C++\DWL\Visual Studio 2010\DWL.sln">
</Property><Property Name="Date" Value="martes, 05 de octubre de 2010">
</Property><Property Name="Time" Value="20:31">
</Property></Properties><Event ErrorLevel="3" Project="DWL" Source="DWL.vcproj" Description="No requiere conversión">
</Event><Event ErrorLevel="0" Project="" Source="DWL.sln" Description="La solución se convirtió correctamente">
</Event><Event ErrorLevel="3" Project="" Source="DWL.sln" Description="Converted">
</Event></UpgradeLog>