<?xml version="1.0" encoding="UTF-8"?><?xml-stylesheet type='text/xsl' href='_UpgradeReport_Files/UpgradeReport.xslt'?><UpgradeLog>
<Properties><Property Name="Solution" Value="Tutorial TerminandoInstalador">
</Property><Property Name="Archivo de la soluci&oacute;n" Value="D:\Programacio\www.devildrey33.es\Tutoriales_WinAPI\3.5 Tutorial terminando Instalador\Visual Studio 2010\Tutorial TerminandoInstalador.sln">
</Property><Property Name="Date" Value="lunes, 01 de noviembre de 2010">
</Property><Property Name="Time" Value="15:57">
</Property></Properties><Event ErrorLevel="0" Project="Tutorial TerminandoInstalador" Source="Tutorial TerminandoInstalador.vcproj" Description="Converting project file 'D:\Programacio\www.devildrey33.es\Tutoriales_WinAPI\3.5 Tutorial terminando Instalador\Visual Studio 2010\Tutorial TerminandoInstalador.vcproj'.">
</Event><Event ErrorLevel="1" Project="Tutorial TerminandoInstalador" Source="Tutorial TerminandoInstalador.vcproj" Description="VCWebServiceProxyGeneratorTool is no longer supported. The tool has been removed from your project settings.">
</Event><Event ErrorLevel="1" Project="Tutorial TerminandoInstalador" Source="Tutorial TerminandoInstalador.vcproj" Description="MSB8012: $(TargetPath) ('D:\Programacio\www.devildrey33.es\Tutoriales_WinAPI\3.5 Tutorial terminando Instalador\Visual Studio 2010\..\..\Debug\3.5 Tutorial TerminandoInstalador.exe') does not match the Linker's OutputFile property value '..\..\Debug\3.5 Tutorial TerminandoInstalador.exe' ('D:\Programacio\www.devildrey33.es\Tutoriales_WinAPI\Debug\3.5 Tutorial TerminandoInstalador.exe') in project configuration 'Debug|Win32'. This may cause your project to build incorrectly. To correct this, please make sure that $(TargetPath) property value matches the value specified in %(Link.OutputFile).">
</Event><Event ErrorLevel="1" Project="Tutorial TerminandoInstalador" Source="Tutorial TerminandoInstalador.vcproj" Description="MSB8012: $(TargetPath) ('D:\Programacio\www.devildrey33.es\Tutoriales_WinAPI\3.5 Tutorial terminando Instalador\Visual Studio 2010\..\..\Release\3.5 Tutorial TerminandoInstalador.exe') does not match the Linker's OutputFile property value '..\..\Release\3.5 Tutorial TerminandoInstalador.exe' ('D:\Programacio\www.devildrey33.es\Tutoriales_WinAPI\Release\3.5 Tutorial TerminandoInstalador.exe') in project configuration 'Release|Win32'. This may cause your project to build incorrectly. To correct this, please make sure that $(TargetPath) property value matches the value specified in %(Link.OutputFile).">
</Event><Event ErrorLevel="0" Project="Tutorial TerminandoInstalador" Source="Tutorial TerminandoInstalador.vcproj" Description="Done converting to new project file 'D:\Programacio\www.devildrey33.es\Tutoriales_WinAPI\3.5 Tutorial terminando Instalador\Visual Studio 2010\Tutorial TerminandoInstalador.vcxproj'.">
</Event><Event ErrorLevel="3" Project="Tutorial TerminandoInstalador" Source="Tutorial TerminandoInstalador.vcproj" Description="Converted">
</Event><Event ErrorLevel="0" Project="" Source="Tutorial TerminandoInstalador.sln" Description="La soluci&oacute;n se convirti&oacute; correctamente">
</Event><Event ErrorLevel="3" Project="" Source="Tutorial TerminandoInstalador.sln" Description="Converted">
</Event></UpgradeLog>