<?xml version="1.0" encoding="UTF-8"?>
<configurationDescriptor version="69">
  <projectmakefile>Makefile</projectmakefile>
  <defaultConf>2</defaultConf>
  <confs>
    <conf name="Win_Debug_WC" type="1">
      <gizmo_options version="3">
        <configurationname>GizmoSimple</configurationname>
      </gizmo_options>
      <runprofile version="6">
        <args></args>
        <rundir></rundir>
        <buildfirst>true</buildfirst>
        <console-type>0</console-type>
        <terminal-type>0</terminal-type>
        <remove-instrumentation>0</remove-instrumentation>
        <environment>
        </environment>
      </runprofile>
    </conf>
    <conf name="Win_Debug_MB" type="1">
      <gizmo_options version="3">
        <configurationname>GizmoSimple</configurationname>
      </gizmo_options>
      <runprofile version="6">
        <args></args>
        <rundir></rundir>
        <buildfirst>true</buildfirst>
        <console-type>0</console-type>
        <terminal-type>0</terminal-type>
        <remove-instrumentation>0</remove-instrumentation>
        <environment>
        </environment>
      </runprofile>
    </conf>
    <conf name="Win_Release_WC" type="1">
      <gizmo_options version="3">
        <configurationname>GizmoSimple</configurationname>
      </gizmo_options>
      <runprofile version="6">
        <args></args>
        <rundir></rundir>
        <buildfirst>true</buildfirst>
        <console-type>0</console-type>
        <terminal-type>0</terminal-type>
        <remove-instrumentation>0</remove-instrumentation>
        <environment>
        </environment>
      </runprofile>
    </conf>
    <conf name="Win_Release_MB" type="1">
      <gizmo_options version="3">
        <configurationname>GizmoSimple</configurationname>
      </gizmo_options>
      <runprofile version="6">
        <args></args>
        <rundir></rundir>
        <buildfirst>true</buildfirst>
        <console-type>0</console-type>
        <terminal-type>0</terminal-type>
        <remove-instrumentation>0</remove-instrumentation>
        <environment>
        </environment>
      </runprofile>
    </conf>
    <conf name="Linux_Debug_WC" type="1">
      <gizmo_options version="3">
        <configurationname>GizmoSimple</configurationname>
      </gizmo_options>
      <runprofile version="6">
        <args></args>
        <rundir></rundir>
        <buildfirst>true</buildfirst>
        <console-type>0</console-type>
        <terminal-type>0</terminal-type>
        <remove-instrumentation>0</remove-instrumentation>
        <environment>
        </environment>
      </runprofile>
    </conf>
    <conf name="Linux_Debug_MB" type="1">
      <gizmo_options version="3">
        <configurationname>GizmoSimple</configurationname>
      </gizmo_options>
      <runprofile version="6">
        <args></args>
        <rundir></rundir>
        <buildfirst>true</buildfirst>
        <console-type>0</console-type>
        <terminal-type>0</terminal-type>
        <remove-instrumentation>0</remove-instrumentation>
        <environment>
        </environment>
      </runprofile>
    </conf>
    <conf name="Linux_Release_WC" type="1">
      <gizmo_options version="3">
        <configurationname>GizmoSimple</configurationname>
      </gizmo_options>
      <runprofile version="6">
        <args></args>
        <rundir></rundir>
        <buildfirst>true</buildfirst>
        <console-type>0</console-type>
        <terminal-type>0</terminal-type>
        <remove-instrumentation>0</remove-instrumentation>
        <environment>
        </environment>
      </runprofile>
    </conf>
    <conf name="Linux_Release_MB" type="1">
      <gizmo_options version="3">
        <configurationname>GizmoSimple</configurationname>
      </gizmo_options>
      <runprofile version="6">
        <args></args>
        <rundir></rundir>
        <buildfirst>true</buildfirst>
        <console-type>0</console-type>
        <terminal-type>0</terminal-type>
        <remove-instrumentation>0</remove-instrumentation>
        <environment>
        </environment>
      </runprofile>
    </conf>
  </confs>
</configurationDescriptor>
