<?xml version="1.0" encoding="UTF-8"?>
<configurationDescriptor version="69">
  <logicalFolder name="root" displayName="root" projectFiles="true">
    <logicalFolder name="f2" displayName="Base" projectFiles="true">
      <logicalFolder name="f2" displayName="Win" projectFiles="true">
      </logicalFolder>
      <logicalFolder name="f1" displayName="X11" projectFiles="true">
        <itemPath>../Include/Linux/LMDBaseX11.cpp</itemPath>
        <itemPath>../Include/Linux/LMDBaseX11.h</itemPath>
      </logicalFolder>
      <itemPath>../Include/LMDApp.h</itemPath>
      <itemPath>../Include/LMDBaseApp.cpp</itemPath>
      <itemPath>../Include/LMDBaseApp.h</itemPath>
      <itemPath>../Include/LMDDebug.cpp</itemPath>
      <itemPath>../Include/LMDDebug.h</itemPath>
      <itemPath>../Include/LMDInstance.h</itemPath>
      <itemPath>../Include/LMDPlatform.cpp</itemPath>
      <itemPath>../Include/LMDPlatform.h</itemPath>
      <itemPath>../Include/LMDString.cpp</itemPath>
      <itemPath>../Include/LMDString.h</itemPath>
      <itemPath>../Include/LMDVirtualKey.cpp</itemPath>
      <itemPath>../Include/LMDVirtualKey.h</itemPath>
    </logicalFolder>
    <logicalFolder name="f3" displayName="Graphics" projectFiles="true">
      <itemPath>../Include/LMDColor.h</itemPath>
      <itemPath>../Include/LMDFont.cpp</itemPath>
      <itemPath>../Include/LMDFont.h</itemPath>
      <itemPath>../Include/LMDRegion.cpp</itemPath>
      <itemPath>../Include/LMDRegion.h</itemPath>
      <itemPath>../Include/LMDScene.cpp</itemPath>
      <itemPath>../Include/LMDScene.h</itemPath>
    </logicalFolder>
    <logicalFolder name="f1" displayName="Windows" projectFiles="true">
      <logicalFolder name="f1" displayName="Controls" projectFiles="true">
        <itemPath>../Include/LMDButton.cpp</itemPath>
        <itemPath>../Include/LMDButton.h</itemPath>
      </logicalFolder>
      <itemPath>../Include/LMDBaseEvents.h</itemPath>
      <itemPath>../Include/LMDBaseWnd.cpp</itemPath>
      <itemPath>../Include/LMDBaseWnd.h</itemPath>
      <itemPath>../Include/LMDWindow.cpp</itemPath>
      <itemPath>../Include/LMDWindow.h</itemPath>
    </logicalFolder>
    <logicalFolder name="TestFiles"
                   displayName="Test Files"
                   projectFiles="false"
                   kind="TEST_LOGICAL_FOLDER">
    </logicalFolder>
    <logicalFolder name="ExternalFiles"
                   displayName="Important Files"
                   projectFiles="false"
                   kind="IMPORTANT_FILES_FOLDER">
      <itemPath>Makefile</itemPath>
    </logicalFolder>
  </logicalFolder>
  <projectmakefile>Makefile</projectmakefile>
  <confs>
    <conf name="Win_Debug_WC" type="3">
      <toolsSet>
        <developmentServer>localhost</developmentServer>
        <compilerSet>MinGW|MinGW</compilerSet>
        <platform>3</platform>
      </toolsSet>
      <compileType>
        <cTool>
          <preprocessorList>
            <Elem>UNICODE</Elem>
            <Elem>_UNICODE</Elem>
            <Elem>_DEBUG</Elem>
            <Elem>DEBUG</Elem>
          </preprocessorList>
        </cTool>
        <ccTool>
          <preprocessorList>
            <Elem>UNICODE</Elem>
            <Elem>_UNICODE</Elem>
            <Elem>_DEBUG</Elem>
            <Elem>DEBUG</Elem>
          </preprocessorList>
        </ccTool>
        <asmTool>
          <developmentMode>0</developmentMode>
        </asmTool>
        <archiverTool>
          <output>../Lib/libLMDWindowsDebug.a</output>
        </archiverTool>
      </compileType>
    </conf>
    <conf name="Win_Debug_MB" type="3">
      <toolsSet>
        <developmentServer>localhost</developmentServer>
        <compilerSet>MinGW|Unknown</compilerSet>
        <platform>3</platform>
      </toolsSet>
      <compileType>
        <cTool>
          <preprocessorList>
            <Elem>_DEBUG</Elem>
            <Elem>DEBUG</Elem>
          </preprocessorList>
        </cTool>
        <ccTool>
          <preprocessorList>
            <Elem>_DEBUG</Elem>
            <Elem>DEBUG</Elem>
          </preprocessorList>
        </ccTool>
        <asmTool>
          <developmentMode>0</developmentMode>
        </asmTool>
        <archiverTool>
          <output>../Lib/libLMDWindowsDebug.a</output>
        </archiverTool>
      </compileType>
    </conf>
    <conf name="Win_Release_WC" type="3">
      <toolsSet>
        <developmentServer>localhost</developmentServer>
        <compilerSet>MinGW|MinGW</compilerSet>
        <platform>3</platform>
      </toolsSet>
      <compileType>
        <cTool>
          <developmentMode>5</developmentMode>
          <preprocessorList>
            <Elem>UNICODE</Elem>
            <Elem>_UNICODE</Elem>
          </preprocessorList>
        </cTool>
        <ccTool>
          <developmentMode>5</developmentMode>
          <preprocessorList>
            <Elem>UNICODE</Elem>
            <Elem>_UNICODE</Elem>
          </preprocessorList>
        </ccTool>
        <fortranCompilerTool>
          <developmentMode>5</developmentMode>
        </fortranCompilerTool>
        <asmTool>
          <developmentMode>0</developmentMode>
        </asmTool>
        <archiverTool>
          <output>../Lib/libLMDWindowsRelease.a</output>
        </archiverTool>
      </compileType>
    </conf>
    <conf name="Win_Release_MB" type="3">
      <toolsSet>
        <developmentServer>localhost</developmentServer>
        <compilerSet>MinGW|Unknown</compilerSet>
        <platform>3</platform>
      </toolsSet>
      <compileType>
        <cTool>
          <developmentMode>5</developmentMode>
        </cTool>
        <ccTool>
          <developmentMode>5</developmentMode>
        </ccTool>
        <fortranCompilerTool>
          <developmentMode>5</developmentMode>
        </fortranCompilerTool>
        <asmTool>
          <developmentMode>0</developmentMode>
        </asmTool>
        <archiverTool>
          <output>../Lib/libLMDWindowsRelease.a</output>
        </archiverTool>
      </compileType>
    </conf>
    <conf name="Linux_Debug_WC" type="3">
      <toolsSet>
        <developmentServer>localhost</developmentServer>
        <compilerSet>GNU|GNU</compilerSet>
        <platform>2</platform>
      </toolsSet>
      <compileType>
        <cTool>
          <commandLine>-lX11</commandLine>
          <preprocessorList>
            <Elem>UNICODE</Elem>
            <Elem>_UNICODE</Elem>
            <Elem>_DEBUG</Elem>
            <Elem>DEBUG</Elem>
          </preprocessorList>
        </cTool>
        <ccTool>
          <stripSymbols>true</stripSymbols>
          <commandLine>-lX11</commandLine>
          <preprocessorList>
            <Elem>UNICODE</Elem>
            <Elem>_UNICODE</Elem>
            <Elem>_DEBUG</Elem>
            <Elem>DEBUG</Elem>
          </preprocessorList>
        </ccTool>
        <archiverTool>
          <output>../Lib/libLMDLinuxDebug.a</output>
        </archiverTool>
      </compileType>
    </conf>
    <conf name="Linux_Debug_MB" type="3">
      <toolsSet>
        <developmentServer>localhost</developmentServer>
        <compilerSet>GNU|GNU</compilerSet>
        <platform>2</platform>
      </toolsSet>
      <compileType>
        <cTool>
          <commandLine>-lX11</commandLine>
          <preprocessorList>
            <Elem>_DEBUG</Elem>
            <Elem>DEBUG</Elem>
          </preprocessorList>
        </cTool>
        <ccTool>
          <stripSymbols>true</stripSymbols>
          <commandLine>-lX11</commandLine>
          <preprocessorList>
            <Elem>_DEBUG</Elem>
            <Elem>DEBUG</Elem>
          </preprocessorList>
        </ccTool>
        <archiverTool>
          <output>../Lib/libLMDLinuxDebug.a</output>
        </archiverTool>
      </compileType>
    </conf>
    <conf name="Linux_Release_WC" type="3">
      <toolsSet>
        <developmentServer>localhost</developmentServer>
        <compilerSet>GNU|GNU</compilerSet>
        <platform>2</platform>
      </toolsSet>
      <compileType>
        <cTool>
          <developmentMode>5</developmentMode>
          <preprocessorList>
            <Elem>UNICODE</Elem>
            <Elem>_UNICODE</Elem>
          </preprocessorList>
        </cTool>
        <ccTool>
          <developmentMode>5</developmentMode>
          <stripSymbols>true</stripSymbols>
          <preprocessorList>
            <Elem>UNICODE</Elem>
            <Elem>_UNICODE</Elem>
          </preprocessorList>
        </ccTool>
        <fortranCompilerTool>
          <developmentMode>5</developmentMode>
        </fortranCompilerTool>
        <asmTool>
          <developmentMode>5</developmentMode>
        </asmTool>
        <archiverTool>
          <output>../Lib/libLMDLinuxRelease.a</output>
        </archiverTool>
      </compileType>
    </conf>
    <conf name="Linux_Release_MB" type="3">
      <toolsSet>
        <developmentServer>localhost</developmentServer>
        <compilerSet>GNU|GNU</compilerSet>
        <platform>2</platform>
      </toolsSet>
      <compileType>
        <cTool>
          <developmentMode>5</developmentMode>
        </cTool>
        <ccTool>
          <developmentMode>5</developmentMode>
          <stripSymbols>true</stripSymbols>
        </ccTool>
        <fortranCompilerTool>
          <developmentMode>5</developmentMode>
        </fortranCompilerTool>
        <asmTool>
          <developmentMode>5</developmentMode>
        </asmTool>
        <archiverTool>
          <output>../Lib/libLMDLinuxRelease.a</output>
        </archiverTool>
      </compileType>
    </conf>
  </confs>
</configurationDescriptor>
