<?xml version="1.0" encoding="UTF-8"?>
<configurationDescriptor version="69">
  <logicalFolder name="root" displayName="root" projectFiles="true">
    <logicalFolder name="f1" displayName="Files" projectFiles="true">
      <itemPath>../AppWindow.h</itemPath>
      <itemPath>../MyWindows.cpp</itemPath>
      <itemPath>../MyWindows.h</itemPath>
      <itemPath>../Window.cpp</itemPath>
    </logicalFolder>
    <logicalFolder name="TestFiles"
                   displayName="Test Files"
                   projectFiles="false"
                   kind="TEST_LOGICAL_FOLDER">
    </logicalFolder>
    <logicalFolder name="ExternalFiles"
                   displayName="Important Files"
                   projectFiles="false"
                   kind="IMPORTANT_FILES_FOLDER">
      <itemPath>Makefile</itemPath>
    </logicalFolder>
  </logicalFolder>
  <sourceRootList>
    <Elem>../../../Include</Elem>
  </sourceRootList>
  <projectmakefile>Makefile</projectmakefile>
  <confs>
    <conf name="Win_Debug_WC" type="1">
      <toolsSet>
        <developmentServer>localhost</developmentServer>
        <compilerSet>MinGW|MinGW</compilerSet>
        <platform>3</platform>
      </toolsSet>
      <compileType>
        <cTool>
          <preprocessorList>
            <Elem>UNICODE</Elem>
            <Elem>_UNICODE</Elem>
            <Elem>_DEBUG</Elem>
            <Elem>DEBUG</Elem>
          </preprocessorList>
        </cTool>
        <ccTool>
          <incDir>
            <pElem>../../../Include</pElem>
          </incDir>
          <preprocessorList>
            <Elem>UNICODE</Elem>
            <Elem>_UNICODE</Elem>
            <Elem>_DEBUG</Elem>
            <Elem>DEBUG</Elem>
          </preprocessorList>
        </ccTool>
        <linkerTool>
          <output>../../../Bin/LMDVentana_debug_wc.exe</output>
          <linkerLibItems>
            <linkerLibProjectItem>
              <makeArtifact PL="../../../Net Beans"
                            CT="3"
                            CN="Win_Debug_WC"
                            AC="false"
                            BL="true"
                            WD="../../../Net Beans"
                            BC="${MAKE}  -f Makefile CONF=Win_Debug_WC"
                            CC="${MAKE}  -f Makefile CONF=Win_Debug_WC clean"
                            OP="../Lib/libLMDWindowsDebug.a">
              </makeArtifact>
            </linkerLibProjectItem>
          </linkerLibItems>
        </linkerTool>
        <requiredProjects>
          <makeArtifact PL="../../../Net Beans"
                        CT="3"
                        CN="Win_Debug_WC"
                        AC="false"
                        BL="true"
                        WD="../../../Net Beans"
                        BC="${MAKE}  -f Makefile CONF=Win_Debug_WC"
                        CC="${MAKE}  -f Makefile CONF=Win_Debug_WC clean"
                        OP="../Lib/libLMDWindowsDebug.a">
          </makeArtifact>
        </requiredProjects>
      </compileType>
    </conf>
    <conf name="Win_Debug_MB" type="1">
      <toolsSet>
        <developmentServer>localhost</developmentServer>
        <compilerSet>MinGW|Unknown</compilerSet>
        <platform>3</platform>
      </toolsSet>
      <compileType>
        <cTool>
          <preprocessorList>
            <Elem>_DEBUG</Elem>
            <Elem>DEBUG</Elem>
          </preprocessorList>
        </cTool>
        <ccTool>
          <incDir>
            <pElem>../../../Include</pElem>
          </incDir>
          <preprocessorList>
            <Elem>_DEBUG</Elem>
            <Elem>DEBUG</Elem>
          </preprocessorList>
        </ccTool>
        <linkerTool>
          <output>../../../Bin/LMDVentana_debug_mb.exe</output>
          <linkerLibItems>
            <linkerLibProjectItem>
              <makeArtifact PL="../../../Net Beans"
                            CT="3"
                            CN="Win_Debug_MB"
                            AC="false"
                            BL="true"
                            WD="../../../Net Beans"
                            BC="${MAKE}  -f Makefile CONF=Win_Debug_MB"
                            CC="${MAKE}  -f Makefile CONF=Win_Debug_MB clean"
                            OP="../Lib/libLMDWindowsDebug.a">
              </makeArtifact>
            </linkerLibProjectItem>
          </linkerLibItems>
        </linkerTool>
        <requiredProjects>
          <makeArtifact PL="../../../Net Beans"
                        CT="3"
                        CN="Win_Debug_MB"
                        AC="false"
                        BL="true"
                        WD="../../../Net Beans"
                        BC="${MAKE}  -f Makefile CONF=Win_Debug_MB"
                        CC="${MAKE}  -f Makefile CONF=Win_Debug_MB clean"
                        OP="../Lib/libLMDWindowsDebug.a">
          </makeArtifact>
        </requiredProjects>
      </compileType>
    </conf>
    <conf name="Win_Release_WC" type="1">
      <toolsSet>
        <developmentServer>localhost</developmentServer>
        <compilerSet>MinGW|MinGW</compilerSet>
        <platform>3</platform>
      </toolsSet>
      <compileType>
        <cTool>
          <developmentMode>5</developmentMode>
          <preprocessorList>
            <Elem>UNICODE</Elem>
            <Elem>_UNICODE</Elem>
          </preprocessorList>
        </cTool>
        <ccTool>
          <developmentMode>5</developmentMode>
          <incDir>
            <pElem>../../../Include</pElem>
          </incDir>
          <preprocessorList>
            <Elem>UNICODE</Elem>
            <Elem>_UNICODE</Elem>
          </preprocessorList>
        </ccTool>
        <fortranCompilerTool>
          <developmentMode>5</developmentMode>
        </fortranCompilerTool>
        <asmTool>
          <developmentMode>5</developmentMode>
        </asmTool>
        <linkerTool>
          <output>../../../Bin/LMDVentana_release_wc.exe</output>
          <linkerLibItems>
            <linkerLibProjectItem>
              <makeArtifact PL="../../../Net Beans"
                            CT="3"
                            CN="Win_Release_WC"
                            AC="false"
                            BL="true"
                            WD="../../../Net Beans"
                            BC="${MAKE}  -f Makefile CONF=Win_Release_WC"
                            CC="${MAKE}  -f Makefile CONF=Win_Release_WC clean"
                            OP="../Lib/libLMDWindowsRelease.a">
              </makeArtifact>
            </linkerLibProjectItem>
          </linkerLibItems>
        </linkerTool>
        <requiredProjects>
          <makeArtifact PL="../../../Net Beans"
                        CT="3"
                        CN="Win_Release_WC"
                        AC="false"
                        BL="true"
                        WD="../../../Net Beans"
                        BC="${MAKE}  -f Makefile CONF=Win_Release_WC"
                        CC="${MAKE}  -f Makefile CONF=Win_Release_WC clean"
                        OP="../Lib/libLMDWindowsRelease.a">
          </makeArtifact>
        </requiredProjects>
      </compileType>
    </conf>
    <conf name="Win_Release_MB" type="1">
      <toolsSet>
        <developmentServer>localhost</developmentServer>
        <compilerSet>MinGW_1|MinGW</compilerSet>
        <platform>3</platform>
      </toolsSet>
      <compileType>
        <cTool>
          <developmentMode>5</developmentMode>
        </cTool>
        <ccTool>
          <developmentMode>5</developmentMode>
          <incDir>
            <pElem>../../../Include</pElem>
          </incDir>
        </ccTool>
        <fortranCompilerTool>
          <developmentMode>5</developmentMode>
        </fortranCompilerTool>
        <asmTool>
          <developmentMode>5</developmentMode>
        </asmTool>
        <linkerTool>
          <output>../../../Bin/LMDVentana_release_mb.exe</output>
          <linkerLibItems>
            <linkerLibProjectItem>
              <makeArtifact PL="../../../Net Beans"
                            CT="3"
                            CN="Win_Release_MB"
                            AC="false"
                            BL="true"
                            WD="../../../Net Beans"
                            BC="${MAKE}  -f Makefile CONF=Win_Release_MB"
                            CC="${MAKE}  -f Makefile CONF=Win_Release_MB clean"
                            OP="../Lib/libLMDWindowsRelease.a">
              </makeArtifact>
            </linkerLibProjectItem>
          </linkerLibItems>
        </linkerTool>
        <requiredProjects>
          <makeArtifact PL="../../../Net Beans"
                        CT="3"
                        CN="Win_Release_MB"
                        AC="false"
                        BL="true"
                        WD="../../../Net Beans"
                        BC="${MAKE}  -f Makefile CONF=Win_Release_MB"
                        CC="${MAKE}  -f Makefile CONF=Win_Release_MB clean"
                        OP="../Lib/libLMDWindowsRelease.a">
          </makeArtifact>
        </requiredProjects>
      </compileType>
    </conf>
    <conf name="Linux_Debug_WC" type="1">
      <toolsSet>
        <developmentServer>localhost</developmentServer>
        <compilerSet>GNU|GNU</compilerSet>
        <platform>2</platform>
      </toolsSet>
      <compileType>
        <cTool>
          <incDir>
            <pElem>../../../Include</pElem>
          </incDir>
          <commandLine>-lX11</commandLine>
          <preprocessorList>
            <Elem>UNICODE</Elem>
            <Elem>_UNICODE</Elem>
            <Elem>_DEBUG</Elem>
            <Elem>DEBUG</Elem>
          </preprocessorList>
        </cTool>
        <ccTool>
          <incDir>
            <pElem>../../../Include</pElem>
          </incDir>
          <commandLine>-lX11</commandLine>
          <preprocessorList>
            <Elem>UNICODE</Elem>
            <Elem>_UNICODE</Elem>
            <Elem>_DEBUG</Elem>
            <Elem>DEBUG</Elem>
          </preprocessorList>
        </ccTool>
        <linkerTool>
          <output>../../../Bin/LMDVentana_debug_wc</output>
          <linkerLibItems>
            <linkerLibProjectItem>
              <makeArtifact PL="../../../Net Beans"
                            CT="3"
                            CN="Linux_Debug_WC"
                            AC="true"
                            BL="true"
                            WD="../../../Net Beans"
                            BC="${MAKE}  -f Makefile CONF=Linux_Debug_WC"
                            CC="${MAKE}  -f Makefile CONF=Linux_Debug_WC clean"
                            OP="../Lib/libLMDLinuxDebug.a">
              </makeArtifact>
            </linkerLibProjectItem>
          </linkerLibItems>
        </linkerTool>
        <requiredProjects>
          <makeArtifact PL="../../../Net Beans"
                        CT="3"
                        CN="Linux_Debug_WC"
                        AC="true"
                        BL="true"
                        WD="../../../Net Beans"
                        BC="${MAKE}  -f Makefile CONF=Linux_Debug_WC"
                        CC="${MAKE}  -f Makefile CONF=Linux_Debug_WC clean"
                        OP="../Lib/libLMDLinuxDebug.a">
          </makeArtifact>
        </requiredProjects>
      </compileType>
    </conf>
    <conf name="Linux_Debug_MB" type="1">
      <toolsSet>
        <developmentServer>localhost</developmentServer>
        <compilerSet>GNU|GNU</compilerSet>
        <platform>2</platform>
      </toolsSet>
      <compileType>
        <cTool>
          <incDir>
            <pElem>../../../Include</pElem>
          </incDir>
          <commandLine>-lX11</commandLine>
          <preprocessorList>
            <Elem>_DEBUG</Elem>
            <Elem>DEBUG</Elem>
          </preprocessorList>
        </cTool>
        <ccTool>
          <incDir>
            <pElem>../../../Include</pElem>
          </incDir>
          <commandLine>-lX11</commandLine>
          <preprocessorList>
            <Elem>_DEBUG</Elem>
            <Elem>DEBUG</Elem>
          </preprocessorList>
        </ccTool>
        <linkerTool>
          <output>../../../Bin/LMDVentana_debug_mb</output>
          <linkerLibItems>
            <linkerLibProjectItem>
              <makeArtifact PL="../../../Net Beans"
                            CT="3"
                            CN="Linux_Debug_MB"
                            AC="false"
                            BL="true"
                            WD="../../../Net Beans"
                            BC="${MAKE}  -f Makefile CONF=Linux_Debug_MB"
                            CC="${MAKE}  -f Makefile CONF=Linux_Debug_MB clean"
                            OP="../Lib/libLMDLinuxDebug.a">
              </makeArtifact>
            </linkerLibProjectItem>
          </linkerLibItems>
        </linkerTool>
        <requiredProjects>
          <makeArtifact PL="../../../Net Beans"
                        CT="3"
                        CN="Linux_Debug_MB"
                        AC="false"
                        BL="true"
                        WD="../../../Net Beans"
                        BC="${MAKE}  -f Makefile CONF=Linux_Debug_MB"
                        CC="${MAKE}  -f Makefile CONF=Linux_Debug_MB clean"
                        OP="../Lib/libLMDLinuxDebug.a">
          </makeArtifact>
        </requiredProjects>
      </compileType>
    </conf>
    <conf name="Linux_Release_WC" type="1">
      <toolsSet>
        <developmentServer>localhost</developmentServer>
        <compilerSet>GNU|GNU</compilerSet>
        <platform>2</platform>
      </toolsSet>
      <compileType>
        <cTool>
          <developmentMode>5</developmentMode>
          <commandLine>-lX11</commandLine>
          <preprocessorList>
            <Elem>UNICODE</Elem>
            <Elem>_UNICODE</Elem>
          </preprocessorList>
        </cTool>
        <ccTool>
          <developmentMode>5</developmentMode>
          <incDir>
            <pElem>../../../Include</pElem>
          </incDir>
          <commandLine>-lX11</commandLine>
          <preprocessorList>
            <Elem>UNICODE</Elem>
            <Elem>_UNICODE</Elem>
          </preprocessorList>
        </ccTool>
        <fortranCompilerTool>
          <developmentMode>5</developmentMode>
        </fortranCompilerTool>
        <asmTool>
          <developmentMode>5</developmentMode>
        </asmTool>
        <linkerTool>
          <output>../../../Bin/LMDVentana_release_wc</output>
          <linkerLibItems>
            <linkerLibProjectItem>
              <makeArtifact PL="../../../Net Beans"
                            CT="3"
                            CN="Linux_Release_WC"
                            AC="false"
                            BL="true"
                            WD="../../../Net Beans"
                            BC="${MAKE}  -f Makefile CONF=Linux_Release_WC"
                            CC="${MAKE}  -f Makefile CONF=Linux_Release_WC clean"
                            OP="../Lib/libLMDLinuxRelease.a">
              </makeArtifact>
            </linkerLibProjectItem>
          </linkerLibItems>
        </linkerTool>
        <requiredProjects>
          <makeArtifact PL="../../../Net Beans"
                        CT="3"
                        CN="Linux_Release_WC"
                        AC="false"
                        BL="true"
                        WD="../../../Net Beans"
                        BC="${MAKE}  -f Makefile CONF=Linux_Release_WC"
                        CC="${MAKE}  -f Makefile CONF=Linux_Release_WC clean"
                        OP="../Lib/libLMDLinuxRelease.a">
          </makeArtifact>
        </requiredProjects>
      </compileType>
    </conf>
    <conf name="Linux_Release_MB" type="1">
      <toolsSet>
        <developmentServer>localhost</developmentServer>
        <compilerSet>GNU|GNU</compilerSet>
        <platform>2</platform>
      </toolsSet>
      <compileType>
        <cTool>
          <developmentMode>5</developmentMode>
          <commandLine>-lX11</commandLine>
        </cTool>
        <ccTool>
          <developmentMode>5</developmentMode>
          <incDir>
            <pElem>../../../Include</pElem>
          </incDir>
          <commandLine>-lX11</commandLine>
          <preprocessorList>
            <Elem>UNICODE</Elem>
            <Elem>_UNICODE</Elem>
          </preprocessorList>
        </ccTool>
        <fortranCompilerTool>
          <developmentMode>5</developmentMode>
        </fortranCompilerTool>
        <asmTool>
          <developmentMode>5</developmentMode>
        </asmTool>
        <linkerTool>
          <output>../../../Bin/LMDVentana_release_mb</output>
          <linkerLibItems>
            <linkerLibProjectItem>
              <makeArtifact PL="../../../Net Beans"
                            CT="3"
                            CN="Linux_Release_MB"
                            AC="false"
                            BL="true"
                            WD="../../../Net Beans"
                            BC="${MAKE}  -f Makefile CONF=Linux_Release_MB"
                            CC="${MAKE}  -f Makefile CONF=Linux_Release_MB clean"
                            OP="../Lib/libLMDLinuxRelease.a">
              </makeArtifact>
            </linkerLibProjectItem>
          </linkerLibItems>
        </linkerTool>
        <requiredProjects>
          <makeArtifact PL="../../../Net Beans"
                        CT="3"
                        CN="Linux_Release_MB"
                        AC="false"
                        BL="true"
                        WD="../../../Net Beans"
                        BC="${MAKE}  -f Makefile CONF=Linux_Release_MB"
                        CC="${MAKE}  -f Makefile CONF=Linux_Release_MB clean"
                        OP="../Lib/libLMDLinuxRelease.a">
          </makeArtifact>
        </requiredProjects>
      </compileType>
    </conf>
  </confs>
</configurationDescriptor>
