<?xml version="1.0" encoding="UTF-8"?>
<project xmlns="http://www.netbeans.org/ns/project/1">
    <type>org.netbeans.modules.cnd.makeproject</type>
    <configuration>
        <data xmlns="http://www.netbeans.org/ns/make-project/1">
            <name>Window</name>
            <make-project-type>0</make-project-type>
            <c-extensions/>
            <cpp-extensions>cpp</cpp-extensions>
            <header-extensions>h</header-extensions>
            <sourceEncoding>UTF-8</sourceEncoding>
            <make-dep-projects>
                <make-dep-project>../../../Net Beans</make-dep-project>
            </make-dep-projects>
            <sourceRootList>
                <sourceRootElem>../../../Include</sourceRootElem>
            </sourceRootList>
            <confList>
                <confElem>Win_Debug_WC</confElem>
                <confElem>Win_Debug_MB</confElem>
                <confElem>Win_Release_WC</confElem>
                <confElem>Win_Release_MB</confElem>
                <confElem>Linux_Debug_WC</confElem>
                <confElem>Linux_Debug_MB</confElem>
                <confElem>Linux_Release_WC</confElem>
                <confElem>Linux_Release_MB</confElem>
            </confList>
        </data>
    </configuration>
</project>
