<?xml version="1.0" encoding="UTF-8"?>
<configurationDescriptor version="69">
  <logicalFolder name="root" displayName="root" projectFiles="true">
    <logicalFolder name="f1" displayName="Archivos" projectFiles="true">
      <itemPath>../Include/DWLArchivoBinario.h</itemPath>
      <itemPath>../Include/DWLArchivoLog.h</itemPath>
      <itemPath>../Include/DWLArchivosWindows.h</itemPath>
      <itemPath>../Include/DWLBusquedaRecursiva.h</itemPath>
    </logicalFolder>
    <logicalFolder name="f2" displayName="Compiladores" projectFiles="true">
      <itemPath>../Include/Compiladores/DWL_Compilador_MINGW.h</itemPath>
      <itemPath>../Include/Compiladores/DWL_Compilador_MSC1200.h</itemPath>
      <itemPath>../Include/Compiladores/DWL_Compilador_MSC1300.h</itemPath>
      <itemPath>../Include/Compiladores/DWL_Compilador_MSC1400.h</itemPath>
      <itemPath>../Include/Compiladores/DWL_Compilador_MSC1500.h</itemPath>
      <itemPath>../Include/Compiladores/DWL_Compilador_MSC1600.h</itemPath>
    </logicalFolder>
    <logicalFolder name="f3" displayName="Controles" projectFiles="true">
      <logicalFolder name="f1" displayName="Base" projectFiles="true">
        <itemPath>../Include/DWLControl.cpp</itemPath>
        <itemPath>../Include/DWLControl.h</itemPath>
      </logicalFolder>
      <itemPath>../Include/DWLComboBox.h</itemPath>
      <itemPath>../Include/DWLEditBox.h</itemPath>
      <itemPath>../Include/DWLImageList.h</itemPath>
      <itemPath>../Include/DWLListBox.h</itemPath>
      <itemPath>../Include/DWLListView.cpp</itemPath>
      <itemPath>../Include/DWLListView.h</itemPath>
      <itemPath>../Include/DWLMenu.h</itemPath>
      <itemPath>../Include/DWLStaticText.h</itemPath>
      <itemPath>../Include/DWLTreeView.cpp</itemPath>
      <itemPath>../Include/DWLTreeView.h</itemPath>
    </logicalFolder>
    <logicalFolder name="f4" displayName="ControlesEx" projectFiles="true">
      <logicalFolder name="f1" displayName="Base" projectFiles="true">
        <itemPath>../Include/DWLControlEx.cpp</itemPath>
        <itemPath>../Include/DWLControlEx.h</itemPath>
      </logicalFolder>
      <logicalFolder name="f2" displayName="DWLArbolEx" projectFiles="true">
        <itemPath>../Include/DWLArbolEx.cpp</itemPath>
        <itemPath>../Include/DWLArbolEx.h</itemPath>
        <itemPath>../Include/DWLArbolEx/DWLArbolEx_Colores.h</itemPath>
        <itemPath>../Include/DWLArbolEx/DWLArbolEx_ColoresNodo.h</itemPath>
        <itemPath>../Include/DWLArbolEx/DWLArbolEx_Estilos.h</itemPath>
        <itemPath>../Include/DWLArbolEx/DWLArbolEx_Nodo.cpp</itemPath>
        <itemPath>../Include/DWLArbolEx/DWLArbolEx_Nodo.h</itemPath>
        <itemPath>../Include/DWLArbolEx/DWLArbolEx_Nucleo.cpp</itemPath>
        <itemPath>../Include/DWLArbolEx/DWLArbolEx_Nucleo.h</itemPath>
        <itemPath>../Include/DWLArbolEx/DWLArbolEx_ParametrosClick.h</itemPath>
        <itemPath>../Include/DWLArbolEx/DWLArbolEx_TerminarLabelEdit.h</itemPath>
      </logicalFolder>
      <logicalFolder name="f3" displayName="DWLBarraEx" projectFiles="true">
        <itemPath>../Include/DWLBarraEx.cpp</itemPath>
        <itemPath>../Include/DWLBarraEx.h</itemPath>
        <itemPath>../Include/DWLBarraEx/DWLBarraEx_Colores.h</itemPath>
        <itemPath>../Include/DWLBarraEx/DWLBarraEx_Estilos.h</itemPath>
        <itemPath>../Include/DWLBarraEx/DWLBarraEx_Nucleo.cpp</itemPath>
        <itemPath>../Include/DWLBarraEx/DWLBarraEx_Nucleo.h</itemPath>
      </logicalFolder>
      <logicalFolder name="f4" displayName="DWLBarraScrollEx" projectFiles="true">
        <itemPath>../Include/DWLBarraScrollEx.cpp</itemPath>
        <itemPath>../Include/DWLBarraScrollEx.h</itemPath>
        <itemPath>../Include/DWLBarraScrollEx/DWLBarraScrollEx_Boton.h</itemPath>
        <itemPath>../Include/DWLBarraScrollEx/DWLBarraScrollEx_Colores.h</itemPath>
        <itemPath>../Include/DWLBarraScrollEx/DWLBarraScrollEx_ParametrosClick.h</itemPath>
      </logicalFolder>
      <logicalFolder name="f5" displayName="DWLBotonEx" projectFiles="true">
        <itemPath>../Include/DWLBotonEx.cpp</itemPath>
        <itemPath>../Include/DWLBotonEx.h</itemPath>
        <itemPath>../Include/DWLBotonEx/DWLBotonEx_Colores.h</itemPath>
        <itemPath>../Include/DWLBotonEx/DWLBotonEx_Estilos.h</itemPath>
        <itemPath>../Include/DWLBotonEx/DWLBotonEx_Nucleo.cpp</itemPath>
        <itemPath>../Include/DWLBotonEx/DWLBotonEx_Nucleo.h</itemPath>
        <itemPath>../Include/DWLBotonEx/DWLBotonEx_ParametrosClick.h</itemPath>
      </logicalFolder>
      <logicalFolder name="f12"
                     displayName="DWLEdicionDesplegableEx"
                     projectFiles="true">
        <itemPath>../Include/DWLEdicionDesplegableEx.cpp</itemPath>
        <itemPath>../Include/DWLEdicionDesplegableEx.h</itemPath>
      </logicalFolder>
      <logicalFolder name="f6" displayName="DWLEdicionEx" projectFiles="true">
        <itemPath>../Include/DWLEdicionEx.cpp</itemPath>
        <itemPath>../Include/DWLEdicionEx.h</itemPath>
        <itemPath>../Include/DWLEdicionEx/DWLEdicionEx_Colores.h</itemPath>
        <itemPath>../Include/DWLEdicionEx/DWLEdicionEx_Estilos.h</itemPath>
        <itemPath>../Include/DWLEdicionEx/DWLEdicionEx_Nucleo.cpp</itemPath>
        <itemPath>../Include/DWLEdicionEx/DWLEdicionEx_Nucleo.h</itemPath>
        <itemPath>../Include/DWLEdicionEx/DWLEdicionEx_Objeto.h</itemPath>
      </logicalFolder>
      <logicalFolder name="f7"
                     displayName="DWLExplorarDirectorios"
                     projectFiles="true">
        <itemPath>../Include/DWLExplorarDirectorios.cpp</itemPath>
        <itemPath>../Include/DWLExplorarDirectorios.h</itemPath>
      </logicalFolder>
      <logicalFolder name="f8" displayName="DWLListaEx" projectFiles="true">
        <itemPath>../Include/DWLListaEx.cpp</itemPath>
        <itemPath>../Include/DWLListaEx.h</itemPath>
        <itemPath>../Include/DWLListaEx/DWLListaEx_Colores.h</itemPath>
        <itemPath>../Include/DWLListaEx/DWLListaEx_ColoresColumna.h</itemPath>
        <itemPath>../Include/DWLListaEx/DWLListaEx_ColoresItem.h</itemPath>
        <itemPath>../Include/DWLListaEx/DWLListaEx_Columna.cpp</itemPath>
        <itemPath>../Include/DWLListaEx/DWLListaEx_Columna.h</itemPath>
        <itemPath>../Include/DWLListaEx/DWLListaEx_DatosSubItem.h</itemPath>
        <itemPath>../Include/DWLListaEx/DWLListaEx_Estilos.h</itemPath>
        <itemPath>../Include/DWLListaEx/DWLListaEx_Item.cpp</itemPath>
        <itemPath>../Include/DWLListaEx/DWLListaEx_Item.h</itemPath>
        <itemPath>../Include/DWLListaEx/DWLListaEx_Nucleo.cpp</itemPath>
        <itemPath>../Include/DWLListaEx/DWLListaEx_Nucleo.h</itemPath>
        <itemPath>../Include/DWLListaEx/DWLListaEx_ParametrosClick.h</itemPath>
        <itemPath>../Include/DWLListaEx/DWLListaEx_ParametrosLabelEdit.h</itemPath>
      </logicalFolder>
      <logicalFolder name="f9" displayName="DWLMarcaEx" projectFiles="true">
        <itemPath>../Include/DWLMarcaEx.cpp</itemPath>
        <itemPath>../Include/DWLMarcaEx.h</itemPath>
        <itemPath>../Include/DWLMarcaEx/DWLMarcaEx_Colores.h</itemPath>
        <itemPath>../Include/DWLMarcaEx/DWLMarcaEx_Nucleo.cpp</itemPath>
        <itemPath>../Include/DWLMarcaEx/DWLMarcaEx_Nucleo.h</itemPath>
      </logicalFolder>
      <logicalFolder name="f10" displayName="DWLMenuEx" projectFiles="true">
        <itemPath>../Include/DWLMenuEx.cpp</itemPath>
        <itemPath>../Include/DWLMenuEx.h</itemPath>
        <itemPath>../Include/DWLMenuEx/DWLMenuEx_Colores.h</itemPath>
      </logicalFolder>
      <logicalFolder name="f11" displayName="DWLToolTipEx" projectFiles="true">
        <itemPath>../Include/DWLToolTipEx.cpp</itemPath>
        <itemPath>../Include/DWLToolTipEx.h</itemPath>
        <itemPath>../Include/DWLToolTipEx/DWLToolTipEx_Colores.h</itemPath>
        <itemPath>../Include/DWLToolTipEx/DWLToolTipEx_Objeto.h</itemPath>
        <itemPath>../Include/DWLToolTipEx/DWLToolTipEx_ObjetoIconoTexto.h</itemPath>
        <itemPath>../Include/DWLToolTipEx/DWLToolTipEx_ObjetoTextoCaracterIcono.h</itemPath>
        <itemPath>../Include/DWLToolTipEx/DWLToolTipEx_ObjetoTextoCaracterTexto.h</itemPath>
      </logicalFolder>
    </logicalFolder>
    <logicalFolder name="f5" displayName="Debug" projectFiles="true">
      <itemPath>../Include/DWLDebug.cpp</itemPath>
      <itemPath>../Include/DWLDebug.h</itemPath>
    </logicalFolder>
    <logicalFolder name="f6" displayName="GDI" projectFiles="true">
      <logicalFolder name="f1" displayName="Base" projectFiles="true">
        <itemPath>../Include/DWLEnumsGDI.h</itemPath>
        <itemPath>../Include/DWLGraficos.h</itemPath>
      </logicalFolder>
      <logicalFolder name="f2" displayName="DWLBrocha" projectFiles="true">
        <itemPath>../Include/DWLBrocha.cpp</itemPath>
        <itemPath>../Include/DWLBrocha.h</itemPath>
      </logicalFolder>
      <logicalFolder name="f3" displayName="DWLColor" projectFiles="true">
        <itemPath>../Include/DWLColor.h</itemPath>
      </logicalFolder>
      <logicalFolder name="f4" displayName="DWLFuente" projectFiles="true">
        <itemPath>../Include/DWLFuente.cpp</itemPath>
        <itemPath>../Include/DWLFuente.h</itemPath>
      </logicalFolder>
      <itemPath>../Include/DWLIcono.cpp</itemPath>
      <itemPath>../Include/DWLIcono.h</itemPath>
      <itemPath>../Include/DWLMapaBits.cpp</itemPath>
      <itemPath>../Include/DWLMapaBits.h</itemPath>
      <itemPath>../Include/DWLPluma.cpp</itemPath>
      <itemPath>../Include/DWLPluma.h</itemPath>
      <itemPath>../Include/DWLRecta.cpp</itemPath>
      <itemPath>../Include/DWLRecta.h</itemPath>
      <itemPath>../Include/DWLRegion.cpp</itemPath>
      <itemPath>../Include/DWLRegion.h</itemPath>
      <itemPath>../Include/DWLhDC.cpp</itemPath>
      <itemPath>../Include/DWLhDC.h</itemPath>
    </logicalFolder>
    <logicalFolder name="f7" displayName="SO" projectFiles="true">
      <logicalFolder name="f1" displayName="Estilos" projectFiles="true">
        <itemPath>../Include/DWLEstilos.cpp</itemPath>
        <itemPath>../Include/DWLEstilos.h</itemPath>
        <itemPath>../Include/DWLEstilos/DWLEstilos_Color.h</itemPath>
        <itemPath>../Include/DWLEstilos/DWLEstilos_Colores.h</itemPath>
        <itemPath>../Include/DWLEstilos/DWLEstilos_Fuente.cpp</itemPath>
        <itemPath>../Include/DWLEstilos/DWLEstilos_Fuente.h</itemPath>
      </logicalFolder>
      <itemPath>../Include/DWLDirectoriosWindows.cpp</itemPath>
      <itemPath>../Include/DWLDirectoriosWindows.h</itemPath>
      <itemPath>../Include/DWLListaIconos.cpp</itemPath>
      <itemPath>../Include/DWLListaIconos.h</itemPath>
      <itemPath>../Include/DWLMedidasSistema.cpp</itemPath>
      <itemPath>../Include/DWLMedidasSistema.h</itemPath>
      <itemPath>../Include/DWLMouse.h</itemPath>
      <itemPath>../Include/DWLPortaPapeles.h</itemPath>
      <itemPath>../Include/DWLRegistro.h</itemPath>
    </logicalFolder>
    <logicalFolder name="f8" displayName="Ventanas" projectFiles="true">
      <logicalFolder name="f1" displayName="Base" projectFiles="true">
        <itemPath>../Include/DWLBaseWnd.cpp</itemPath>
        <itemPath>../Include/DWLBaseWnd.h</itemPath>
        <itemPath>../Include/DWLEventosBase.h</itemPath>
        <itemPath>../Include/DWLEventosPadre.h</itemPath>
      </logicalFolder>
      <logicalFolder name="f2" displayName="Dialogos comunes" projectFiles="true">
        <itemPath>../Include/DWLDialogoAbrir.cpp</itemPath>
        <itemPath>../Include/DWLDialogoAbrir.h</itemPath>
        <itemPath>../Include/DWLDialogoColores.cpp</itemPath>
        <itemPath>../Include/DWLDialogoColores.h</itemPath>
        <itemPath>../Include/DWLDialogoDirectorios.cpp</itemPath>
        <itemPath>../Include/DWLDialogoDirectorios.h</itemPath>
        <itemPath>../Include/DWLDialogoFuentes.cpp</itemPath>
        <itemPath>../Include/DWLDialogoFuentes.h</itemPath>
        <itemPath>../Include/DWLDialogoGuardar.cpp</itemPath>
        <itemPath>../Include/DWLDialogoGuardar.h</itemPath>
        <itemPath>../Include/DWLDialogoImpresoras.cpp</itemPath>
        <itemPath>../Include/DWLDialogoImpresoras.h</itemPath>
        <itemPath>../Include/DWLDialogosComunes.h</itemPath>
      </logicalFolder>
      <itemPath>../Include/DWLDialogo.cpp</itemPath>
      <itemPath>../Include/DWLDialogo.h</itemPath>
      <itemPath>../Include/DWLVentana.cpp</itemPath>
      <itemPath>../Include/DWLVentana.h</itemPath>
      <itemPath>../Include/DWLVentanaErrorGrave.cpp</itemPath>
      <itemPath>../Include/DWLVentanaErrorGrave.h</itemPath>
      <itemPath>../Include/DWLVentanaMDI.cpp</itemPath>
      <itemPath>../Include/DWLVentanaMDI.h</itemPath>
      <itemPath>../Include/DWLVentanaMDIChild.cpp</itemPath>
      <itemPath>../Include/DWLVentanaMDIChild.h</itemPath>
    </logicalFolder>
    <logicalFolder name="TestFiles"
                   displayName="Test Files"
                   projectFiles="false"
                   kind="TEST_LOGICAL_FOLDER">
    </logicalFolder>
    <logicalFolder name="ExternalFiles"
                   displayName="Important Files"
                   projectFiles="false"
                   kind="IMPORTANT_FILES_FOLDER">
      <itemPath>Makefile</itemPath>
    </logicalFolder>
    <itemPath>../Include/DWL.h</itemPath>
    <itemPath>../Include/DWLAplicacion.cpp</itemPath>
    <itemPath>../Include/DWLAplicacion.h</itemPath>
    <itemPath>../Include/DWLString.cpp</itemPath>
    <itemPath>../Include/DWLString.h</itemPath>
  </logicalFolder>
  <sourceRootList>
    <Elem>../Include</Elem>
  </sourceRootList>
  <projectmakefile>Makefile</projectmakefile>
  <confs>
    <conf name="Debug" type="3">
      <toolsSet>
        <developmentServer>localhost</developmentServer>
        <compilerSet>MinGW|MinGW</compilerSet>
        <platform>3</platform>
      </toolsSet>
      <compileType>
        <ccTool>
          <preprocessorList>
            <Elem>_DEBUG</Elem>
            <Elem>DEBUG</Elem>
            <Elem>_UNICODE</Elem>
            <Elem>UNICODE</Elem>
            <Elem>WIN32</Elem>
            <Elem>_WINDOWS</Elem>
          </preprocessorList>
        </ccTool>
        <archiverTool>
          <output>../lib/DWL_Debug.a</output>
        </archiverTool>
      </compileType>
    </conf>
    <conf name="Release" type="3">
      <toolsSet>
        <developmentServer>localhost</developmentServer>
        <compilerSet>MinGW|MinGW</compilerSet>
        <platform>3</platform>
      </toolsSet>
      <compileType>
        <cTool>
          <developmentMode>5</developmentMode>
        </cTool>
        <ccTool>
          <developmentMode>6</developmentMode>
          <preprocessorList>
            <Elem>UNICODE</Elem>
            <Elem>_UNICODE</Elem>
          </preprocessorList>
        </ccTool>
        <fortranCompilerTool>
          <developmentMode>5</developmentMode>
        </fortranCompilerTool>
        <asmTool>
          <developmentMode>5</developmentMode>
        </asmTool>
        <archiverTool>
          <output>../Lib/DWL.a</output>
        </archiverTool>
      </compileType>
    </conf>
  </confs>
</configurationDescriptor>
